{
  "openapi" : "3.0.0",
  "info" : {
    "title" : "Documentação Armário Conectado API",
    "description" : "Documentação API armário conectado",
    "contact" : {
      "email" : "vendas@biccateca.com.br"
    },
    "license" : {
      "name" : "Biccateca",
      "url" : "http://biccateca.com.br/institucional"
    },
    "version" : "2.0.0"
  },
  "servers" : [ {
    "url" : "https://armariosinteligentes.com/api/v2",
    "description" : "API server V2"
  } ],
  "security" : [ {
    "application" : [ "read", "write" ]
  } ],
  "tags" : [ {
    "name" : "GET",
    "description" : "Recupera alguma informação do dispositivo"
  }, {
    "name" : "POST",
    "description" : "Altera alguma informação do dispositivo."
  } ],
  "paths" : {
    "/dispositivo/{device_id}/{endereco}" : {
      "get" : {
        "tags" : [ "GET" ],
        "summary" : "Metodo Get",
        "parameters" : [ {
          "name" : "device_id",
          "in" : "path",
          "description" : "Identificação do dispositivo",
          "required" : true,
          "style" : "simple",
          "explode" : false,
          "schema" : {
            "type" : "string"
          }
        }, {
          "name" : "endereco",
          "in" : "path",
          "description" : "Endereço do metodo",
          "required" : true,
          "style" : "simple",
          "explode" : false,
          "schema" : {
            "type" : "string"
          }
        }, {
          "name" : "client_id",
          "in" : "query",
          "description" : "Identificação do cliente",
          "required" : true,
          "style" : "form",
          "explode" : true,
          "schema" : {
            "type" : "string"
          }
        }, {
          "name" : "timestamp",
          "in" : "query",
          "description" : "Tempo formato Unix epoch",
          "required" : true,
          "style" : "form",
          "explode" : true,
          "schema" : {
            "type" : "integer"
          }
        }, {
          "name" : "signature",
          "in" : "query",
          "description" : "Gerar a Assinatura HMAC SHA256 com a Query String",
          "required" : true,
          "style" : "form",
          "explode" : true,
          "schema" : {
            "type" : "string"
          }
        } ],
        "responses" : {
          "200" : {
            "description" : "teste",
            "content" : {
              "application/json" : {
                "schema" : {
                  "$ref" : "#/components/schemas/body_response"
                }
              }
            }
          },
          "401" : {
            "description" : "Assinatura invalida, inexistente ou expirado"
          },
          "404" : {
            "description" : "Recurso não encontrado"
          },
          "500" : {
            "description" : "Erro no servidor"
          }
        }
      },
      "post" : {
        "tags" : [ "POST" ],
        "summary" : "Metodo Post",
        "parameters" : [ {
          "name" : "device_id",
          "in" : "path",
          "description" : "Identificação do dispositivo",
          "required" : true,
          "style" : "simple",
          "explode" : false,
          "schema" : {
            "type" : "string"
          }
        }, {
          "name" : "endereco",
          "in" : "path",
          "description" : "Endereço do metodo",
          "required" : true,
          "style" : "simple",
          "explode" : false,
          "schema" : {
            "type" : "string"
          }
        }, {
          "name" : "numero",
          "in" : "query",
          "description" : "Parametro do metodo",
          "required" : true,
          "style" : "form",
          "explode" : true,
          "schema" : {
            "type" : "string"
          }
        }, {
          "name" : "client_id",
          "in" : "query",
          "description" : "Identificação do cliente",
          "required" : true,
          "style" : "form",
          "explode" : true,
          "schema" : {
            "type" : "string"
          }
        }, {
          "name" : "timestamp",
          "in" : "query",
          "description" : "Tempo formato Unix epoch",
          "required" : true,
          "style" : "form",
          "explode" : true,
          "schema" : {
            "type" : "integer"
          }
        }, {
          "name" : "signature",
          "in" : "query",
          "description" : "Gerar a Assinatura HMAC SHA256 com a Query String",
          "required" : true,
          "style" : "form",
          "explode" : true,
          "schema" : {
            "type" : "string"
          }
        } ],
        "responses" : {
          "200" : {
            "description" : "Ok",
            "content" : {
              "application/json" : {
                "schema" : {
                  "$ref" : "#/components/schemas/body_response2"
                }
              }
            }
          },
          "401" : {
            "description" : "Assinatura invalida, inexistente ou expirado"
          },
          "404" : {
            "description" : "Recurso não encontrado"
          },
          "500" : {
            "description" : "Erro no servidor"
          }
        }
      }
    }
  },
  "components" : {
    "schemas" : {
      "body_response" : {
        "required" : [ "id", "ip", "mac", "modoConexao", "nome", "sdk", "versao" ],
        "type" : "object",
        "properties" : {
          "nome" : {
            "type" : "string",
            "example" : "ARMARIO_000073"
          },
          "id" : {
            "type" : "string",
            "example" : "5C756F116263J1E971B3C4E18"
          },
          "sdk" : {
            "type" : "string",
            "example" : "v3.3-beta1-179-ge931fe9f5"
          },
          "versao" : {
            "type" : "string",
            "example" : "0.9.4"
          },
          "modoConexao" : {
            "type" : "string",
            "example" : "MQTT"
          },
          "mac" : {
            "type" : "string",
            "example" : "25:CD:B7:21:S5:A2"
          },
          "ip" : {
            "type" : "string",
            "example" : "192.52.69.78"
          }
        }
      },
      "body_response2" : {
        "required" : [ "reconfigurar" ],
        "type" : "object",
        "properties" : {
          "reconfigurar" : {
            "type" : "string",
            "example" : "Reconfigurado com sucesso"
          }
        }
      }
    }
  }
}