{
  "openapi" : "3.0.0",
  "info" : {
    "title" : "Documentação Armário Conectado API",
    "description" : "<hr> <h2>Modo de Funcionamento</h2> <h3>Introdução</h2> <p>A Biccateca disponibiliza aos seus clientes e parceiros uma solução (API) que permite a integração com seus dispositivos (Lockers). O propósito deste documento é apresentar uma visão global desta solução e descrever os endpoints disponíveis para a utilização.</p> <h3>Entendendo o Protocolo</h2> <p>O protocolo da API de Entregas foi escrito tomando como base o modelo REST, onde todas as requisições são feitas via HTTP puro e os dados trafegados são estruturados no padrão JSON. Para cada regra de negócio exposta pela API, existe uma URL que a representa.</p> <h3>Tipos de Retorno</h3> <p>Todos os endpoints retornam um objeto JSON.</p> <h3>Chamadas</h2> <p>Na API de Entregas, cada dispositivo possui um identificador único de 32 caracteres chamado de device_id. Este identificador é utilizado para montar a URL Web de acesso às chamadas da API. Cada cliente (integrador, parceiro, etc) possui um conjunto de chaves client_id e client_secret. A chave client_id deve ser enviada como parâmetro em cada requisição feita para a API. Além do identificador do cliente, as requisições devem possuir um parâmetro de data e hora chamado timestamp, que deve ser enviado no formato Unix epoch. Representando o momento em que a requisição foi criada e enviada. As requisições devem ser assinadas e possuir o parâmetro signature, que é calculado utilizando o hash HMAC SHA256 tendo o client_secret como chave</p> <p><b> Nota: </b>  A utilização da API de Entregas requer acesso à estrutura de nuvem da Wtec e tipicamente está relacionada a algum tipo de contrato com aquisição de pacotes para utilização dos serviços. Para iniciar os testes na API de Entregas entre em contato com o setor de suporte e faça solicitação de envio de seu <b>client_id</b> e <b>client_secret</b>.</p> <h3>URL Web</h3> <p>Na API Web as URLs para chamadas aos endpoints devem possuir o seguinte formato:</p> <p><b>{Endereço base}/dispositivo/{Device Id}/{Endpoint}</b></p> <p> Ex: https://armariosinteligentes.com/api/v3/dispositivo /B92A09A5C1335BBCD120AD4AD7200730/ocupacao</p> <h3>Informações Gerais</h3> <p><b>•</b> O endereço base da API Web é https://armariosinteligentes.com/api/v3;\n\n\n <b>•</b> Todos os parâmetros do tipo timestamp devem ser informados em segundos;\n\n\n <b>•</b> Os parâmetros podem ser enviados como uma query string ou no corpo do request, utilizando o tipo <b>application/x-www-form-urlencoded</b>. Em uma chamada os parâmetros podem ser inclusive misturados, parte na query string e parte no corpo da requisição.\n\n\n <b>•</b> Para requisições assinadas, o último parâmetro deve ser sempre a assinatura (signature);\n\n\n <b>•</b> A validade de uma assinatura é de aproximadamente 20 segundos, caso a diferença entre o timestamp enviado a data/hora do servidor for maior que este período, a API vai retornar 401 e mensagem de timestamp inválido.\n\n\n<b>Referência para testes de geração de timestamp no formato Unix epoch: </b> https://www.epochconverter.com/ <b>Referência para testes de geração de hash HMAC SHA256: </b> https://www.freeformatter.com/hmacgenerator.html</p>\n<h3>Exemplo de Utlização</h3> <p>Assumindo os seguintes valores para demonstração:\n\n  <b>Device Id</b>: B92A09A5C1335BBCD120AD4AD7200730\n  \n  <b>Client Id</b>: 30d91019d5f61965aa24e003ec46f641\n  \n  <b>Client Secret</b>: 5eac38285aa5a34ebfa04c2963e5a2b6\n  \n  <b>Timestamp</b>: 1533081600 (01/08/2018 00:00:00 GMT)\n  \n  <b>Parâmetro</b>: numero=9.</p>\n\n<h3>Tipos de Retorno</h2> <p><b>1. Montar a QueryString:</b>\n/dispositivo/B92A09A5C1335BBCD120AD4AD7200730/abrirporta? numero=9&client_id=30d91019d5f61965aa24e003ec46f641&timestamp=1533081600\n\n<b>2. Gerar a Assinatura HMAC SHA256:</b>\n\n[linux]$ echo -n \"/dispositivo/B92A09A5C1335BBCD120AD4AD7200730/abrirporta? numero=9&client_id=30d91019d5f61965aa24e003ec46f641&timestamp=1533081600\" | openssl dgst -sha256 -hmac \"5eac38285aa5a34ebfa04c2963e5a2b6\"\n\n(stdin)=7f7476e3c7b4f31444f5dfaeb4300c1223133bf328d4b6d94001ce745887e3c2\n\n<b>3. Adicionar Assinatura e Enviar o Comando para o Dispositivo:</b> [linux]$ curl -X POST \"https://armariosinteligentes.com/api/v3/dispositivo/ B92A09A5C1335BBCD120AD4AD7200730/abrirporta? numero=9&client_id=30d91019d5f61965aa24e003ec46f641&timestamp=1533081600&signature=7f74 76e3c7b4f31444f5dfaeb4300c1223133bf328d4b6d94001ce745887e3c2\" (stdin)= {\"retorno\":1,\"mensagem\":\"Porta 9 aberta.\"}</p> <h3>Informando os Parâmetros no Corpo da Requisição (Request Body)</h2> <p><b>1. Montar a Query String:</b> /dispositivo/B92A09A5C1335BBCD120AD4AD7200730/abrirporta\n\n<b>2. Montar o Request Body:</b> numero=9&client_id=30d91019d5f61965aa24e003ec46f641&timestamp=1533081600\n\n<b>3. Gerar a Assinatura HMAC SHA256: </b>\n\n[linux]$ echo -n \"/dispositivo/B92A09A5C1335BBCD120AD4AD7200730/ abrirportanumero=9&client_id=30d91019d5f61965aa24e003ec46f641&timestamp=1533081600\" | openssl dgst -sha256 -hmac\"5eac38285aa5a34ebfa04c2963e5a2b6\"\n\n(sdtin)=cb35151f59937367a7a43c2641dfcf0d0a101230d3aa40e6f9df3aba455776c5\n\n<b>Nota: </b> Para gerar a assinatura HMAC SHA256 a query string e o request body são concatenados, não existe espaço entre \"abrirporta\" e \"numero\".\n\n<b>4. Adicionar Assinatura e Enviar o Comando para o Dispositivo: </b> [linux]$ curl -X POST \"https://armariosinteligentes.com/api/v3/dispositivo/ B92A09A5C1335BBCD120AD4AD7200730/abrirporta\" -d \"numero=9&client_id=&signature=cb35151f59937367a7a43c2641dfcf0d0a101230d3aa40e6f9df3aba4 55776c5 (stdin)= {\"retorno\":1,\"mensagem\":\"Porta 9 aberta.\"}</p>\n<h3>Com Parâmetros na Query String e no Request Body</h3> <p><b>1. Montar a Query String: </b> /dispositivo/B92A09A5C1335BBCD120AD4AD7200730/abrirporta?numero=9\n\n<b>2. Montar o Request Body: </b> client_id=30d91019d5f61965aa24e003ec46f641&timestamp=1533081600 <b>3. Gerar a Assinatura HMAC SHA256:</b>\n\n[linux]$ echo -n \"/dispositivo/B92A09A5C1335BBCD120AD4AD7200730/abrirporta? numero=9client_id=30d91019d5f61965aa24e003ec46f641&timestamp=1533081600\" | openssl dgst - sha256 \n\n-hmac \"5eac38285aa5a34ebfa04c2963e5a2b6\"\n\n(stdin)=669d504045f164593fc73446aff102e97075dcae3edccaa666600fbe9ec1eb0c\n\n<b>Nota: </b>  Para gerar a assinatura HMAC SHA256 a query string e o request body são concatenados não existe espaço entre \"numero=9\" e \"client_id\"\n\n<b>4. Adicionar Assinatura e Enviar o Comando para o Dispositivo: </b> [linux]$ curl -X POST \"https://armariosinteligentes.com/api/v3/dispositivo/ B92A09A5C1335BBCD120AD4AD7200730/abrirporta?numero=9\" -d \"client_id=30d91019d5f61965aa24e003ec46f641&timestamp=1533081600&signature=669d504045f16 4593fc73446aff102e97075dcae3edccaa666600fbe9ec1eb0c\"\n\n(stdin)={\"retorno\":1,\"mensagem\":\"Porta 9 aberta.\"}</p> <p><b>Parâmetros</b> | client_id = ? | client_secret = ? | device_id = ? | </br>\n<h4>*As credenciais necessárias para autenticação são fornecidas pela equipe de TI dos Armários Inteligentes</h4> <hr> \n",
    "contact" : {
      "email" : "vendas@biccateca.com.br"
    },
    "license" : {
      "name" : "Terms of service",
      "url" : "http://www.armariosinteligentes.com"
    },
    "version" : "2.0.0"
  },
  "servers" : [ {
    "url" : "https://armariosinteligentes.com/api/v2",
    "description" : "API server V2"
  } ],
  "security" : [ {
    "application" : [ "read", "write" ]
  } ],
  "tags" : [ {
    "name" : "GET",
    "description" : "Recupera alguma informação do dispositivo"
  }, {
    "name" : "POST",
    "description" : "Altera alguma informação do dispositivo."
  } ],
  "paths" : {
    "/dispositivo/{device_id}/{endereco}" : {
      "get" : {
        "tags" : [ "GET" ],
        "summary" : "Metodo Get",
        "parameters" : [ {
          "name" : "device_id",
          "in" : "path",
          "description" : "Identificação do dispositivo",
          "required" : true,
          "style" : "simple",
          "explode" : false,
          "schema" : {
            "type" : "string"
          }
        }, {
          "name" : "endereco",
          "in" : "path",
          "description" : "Endereço do metodo",
          "required" : true,
          "style" : "simple",
          "explode" : false,
          "schema" : {
            "type" : "string"
          }
        }, {
          "name" : "client_id",
          "in" : "query",
          "description" : "Identificação do cliente",
          "required" : true,
          "style" : "form",
          "explode" : true,
          "schema" : {
            "type" : "string"
          }
        }, {
          "name" : "timestamp",
          "in" : "query",
          "description" : "Tempo formato Unix epoch",
          "required" : true,
          "style" : "form",
          "explode" : true,
          "schema" : {
            "type" : "integer"
          }
        }, {
          "name" : "signature",
          "in" : "query",
          "description" : "Gerar a Assinatura HMAC SHA256 com a Query String",
          "required" : true,
          "style" : "form",
          "explode" : true,
          "schema" : {
            "type" : "string"
          }
        } ],
        "responses" : {
          "200" : {
            "description" : "Ok",
            "content" : {
              "application/json" : {
                "schema" : {
                  "$ref" : "#/components/schemas/body_response"
                }
              }
            }
          },
          "401" : {
            "description" : "Assinatura invalida, inexistente ou expirado"
          },
          "404" : {
            "description" : "Recurso não encontrado"
          },
          "500" : {
            "description" : "Erro no servidor"
          }
        }
      },
      "post" : {
        "tags" : [ "POST" ],
        "summary" : "Metodo Post",
        "parameters" : [ {
          "name" : "device_id",
          "in" : "path",
          "description" : "Identificação do dispositivo",
          "required" : true,
          "style" : "simple",
          "explode" : false,
          "schema" : {
            "type" : "string"
          }
        }, {
          "name" : "endereco",
          "in" : "path",
          "description" : "Endereço do metodo",
          "required" : true,
          "style" : "simple",
          "explode" : false,
          "schema" : {
            "type" : "string"
          }
        }, {
          "name" : "numero",
          "in" : "query",
          "description" : "Parametro do metodo",
          "required" : true,
          "style" : "form",
          "explode" : true,
          "schema" : {
            "type" : "string"
          }
        }, {
          "name" : "client_id",
          "in" : "query",
          "description" : "Identificação do cliente",
          "required" : true,
          "style" : "form",
          "explode" : true,
          "schema" : {
            "type" : "string"
          }
        }, {
          "name" : "timestamp",
          "in" : "query",
          "description" : "Tempo formato Unix epoch",
          "required" : true,
          "style" : "form",
          "explode" : true,
          "schema" : {
            "type" : "integer"
          }
        }, {
          "name" : "signature",
          "in" : "query",
          "description" : "Gerar a Assinatura HMAC SHA256 com a Query String",
          "required" : true,
          "style" : "form",
          "explode" : true,
          "schema" : {
            "type" : "string"
          }
        } ],
        "responses" : {
          "200" : {
            "description" : "Ok",
            "content" : {
              "application/json" : {
                "schema" : {
                  "$ref" : "#/components/schemas/body_response2"
                }
              }
            }
          },
          "401" : {
            "description" : "Assinatura invalida, inexistente ou expirado"
          },
          "404" : {
            "description" : "Recurso não encontrado"
          },
          "500" : {
            "description" : "Erro no servidor"
          }
        }
      }
    }
  },
  "components" : {
    "schemas" : {
      "body_response" : {
        "required" : [ "id", "ip", "mac", "modoConexao", "nome", "sdk", "versao" ],
        "type" : "object",
        "properties" : {
          "nome" : {
            "type" : "string",
            "example" : "ARMARIO_000073"
          },
          "id" : {
            "type" : "string",
            "example" : "5C756F116263J1E971B3C4E18"
          },
          "sdk" : {
            "type" : "string",
            "example" : "v3.3-beta1-179-ge931fe9f5"
          },
          "versao" : {
            "type" : "string",
            "example" : "0.9.4"
          },
          "modoConexao" : {
            "type" : "string",
            "example" : "MQTT"
          },
          "mac" : {
            "type" : "string",
            "example" : "25:CD:B7:21:S5:A2"
          },
          "ip" : {
            "type" : "string",
            "example" : "192.52.69.78"
          }
        }
      },
      "body_response2" : {
        "required" : [ "reconfigurar" ],
        "type" : "object",
        "properties" : {
          "reconfigurar" : {
            "type" : "string",
            "example" : "Reconfigurado com sucesso"
          }
        }
      }
    }
  }
}